timestamp	message_type	message
2025-02-28T12:51:36.790745	game_init	{"max_days_per_game": 5, "primary_model": "gpt-4o-mini", "secondary_model": "gpt-4o", "num_games": 20, "reflect_before_vectorstore": true, "max_werewolf_discussion_round": 3, "similarity_top_k": 2}
2025-02-28T12:51:36.791056	phase	Night Time
2025-02-28T12:51:36.798830	vectorstore_retrieve	
2025-02-28T12:51:39.177588	vectorstore_add	Player1: {"thought": "I need to carefully choose my words to avoid suspicion. The goal is to mislead the other players while maintaining a low profile. I should also observe their reactions closely to gauge their roles.", "speak": "I think we should focus on who seems the most suspicious based on their actions last night. It's important to really analyze each player's behavior. Maybe we can ask Player2 how they feel about Player3's actions?", "finish_discussion": "false"}
2025-02-28T12:51:39.197091	vectorstore_retrieve	
2025-02-28T12:51:39.282939	game_state	{"werewolves": ["Player1"], "villagers": ["Player2", "Player3", "Player4"], "seer": ["Player3"], "witch": ["Player4"], "survivors": ["Player1", "Player2", "Player3", "Player4"], "dead": [], "witch_healing_used": false, "witch_poison_used": false, "endgame": false, "winner": null}
2025-02-28T12:51:39.284430	argument_prompt	`
                    You are a strategic decision-maker playing a game of werewolf.

                    You are Player1 and there are totally 4 players, named Player1, Player2, Player3, Player4.
                    
                    Rules of the game:

                    
        Player roles: In werewolf game, players are divided into two werewolves, two villagers, one seer and one witch. Note only werewolves know who are their teammates.
        - Werewolves: They know their teammates' identities and attempt to eliminate a villager each night while trying to remain undetected.
        - Villagers: They do not know who the werewolves are and must work together during the day to deduce who the werewolves might be and vote to eliminate them.
        - Seer: A villager with the ability to learn the true identity of one player each night. This role is crucial for the villagers to gain information.
        - Witch: A character who has a one-time ability to save a player from being eliminated at night (sometimes this is a potion of life) and a one-time ability to eliminate a player at night (a potion of death).

        Game Rule: The game is consisted of two phases: night phase and day phase. The two phases are repeated until werewolf or villager win the game.
        1. Night Phase: During the night, the werewolves discuss and vote for a player to eliminate. Special roles also perform their actions at this time (e.g., the Seer chooses a player to learn their role, the witch chooses a decide if save the player).
        2. Day Phase: During the day, all surviving players discuss who they suspect might be a werewolf. No one reveals their role unless it serves a strategic purpose. After the discussion, a vote is taken, and the player with the most votes is "lynched" or eliminated from the game.

        Victory Condition: For werewolves, they win the game if the number of werewolves is equal to or greater than the number of remaining villagers. For villagers, they win if they identify and eliminate all of the werewolves in the group.

        Constraints:
        1. Your response should be in the first person.
        2. This is a conversational game. You should response only based on the conversation history and your strategy.
    
                    
                    You are playing werewolf in this game.
                

        You are arguing FOR the decision to eliminate Player3.
        Argue FOR eliminating the player in bullet-point format. Use at most 3 bullets.
    
system: Summary of relevant past conversations: `
2025-02-28T12:51:40.411863	argument_prompt	`
                    You are a strategic decision-maker playing a game of werewolf.

                    You are Player1 and there are totally 4 players, named Player1, Player2, Player3, Player4.
                    
                    Rules of the game:

                    
        Player roles: In werewolf game, players are divided into two werewolves, two villagers, one seer and one witch. Note only werewolves know who are their teammates.
        - Werewolves: They know their teammates' identities and attempt to eliminate a villager each night while trying to remain undetected.
        - Villagers: They do not know who the werewolves are and must work together during the day to deduce who the werewolves might be and vote to eliminate them.
        - Seer: A villager with the ability to learn the true identity of one player each night. This role is crucial for the villagers to gain information.
        - Witch: A character who has a one-time ability to save a player from being eliminated at night (sometimes this is a potion of life) and a one-time ability to eliminate a player at night (a potion of death).

        Game Rule: The game is consisted of two phases: night phase and day phase. The two phases are repeated until werewolf or villager win the game.
        1. Night Phase: During the night, the werewolves discuss and vote for a player to eliminate. Special roles also perform their actions at this time (e.g., the Seer chooses a player to learn their role, the witch chooses a decide if save the player).
        2. Day Phase: During the day, all surviving players discuss who they suspect might be a werewolf. No one reveals their role unless it serves a strategic purpose. After the discussion, a vote is taken, and the player with the most votes is "lynched" or eliminated from the game.

        Victory Condition: For werewolves, they win the game if the number of werewolves is equal to or greater than the number of remaining villagers. For villagers, they win if they identify and eliminate all of the werewolves in the group.

        Constraints:
        1. Your response should be in the first person.
        2. This is a conversational game. You should response only based on the conversation history and your strategy.
    
                    
                    You are playing werewolf in this game.
                

        You are arguing FOR the decision to eliminate Player4.
        Argue FOR eliminating the player in bullet-point format. Use at most 3 bullets.
    
system: Summary of relevant past conversations: `
2025-02-28T12:51:41.706757	judge_prompt	`
                    You are a strategic decision-maker playing a game of werewolf.

                    You are Player1 and there are totally 4 players, named Player1, Player2, Player3, Player4.
                    
                    Rules of the game:

                    
        Player roles: In werewolf game, players are divided into two werewolves, two villagers, one seer and one witch. Note only werewolves know who are their teammates.
        - Werewolves: They know their teammates' identities and attempt to eliminate a villager each night while trying to remain undetected.
        - Villagers: They do not know who the werewolves are and must work together during the day to deduce who the werewolves might be and vote to eliminate them.
        - Seer: A villager with the ability to learn the true identity of one player each night. This role is crucial for the villagers to gain information.
        - Witch: A character who has a one-time ability to save a player from being eliminated at night (sometimes this is a potion of life) and a one-time ability to eliminate a player at night (a potion of death).

        Game Rule: The game is consisted of two phases: night phase and day phase. The two phases are repeated until werewolf or villager win the game.
        1. Night Phase: During the night, the werewolves discuss and vote for a player to eliminate. Special roles also perform their actions at this time (e.g., the Seer chooses a player to learn their role, the witch chooses a decide if save the player).
        2. Day Phase: During the day, all surviving players discuss who they suspect might be a werewolf. No one reveals their role unless it serves a strategic purpose. After the discussion, a vote is taken, and the player with the most votes is "lynched" or eliminated from the game.

        Victory Condition: For werewolves, they win the game if the number of werewolves is equal to or greater than the number of remaining villagers. For villagers, they win if they identify and eliminate all of the werewolves in the group.

        Constraints:
        1. Your response should be in the first person.
        2. This is a conversational game. You should response only based on the conversation history and your strategy.
    
                    
                    You are playing werewolf in this game.
                

        You are a judge deciding which player should be eliminated in a game of werewolf. Your goal is to maximize the player's chances of winning the game with forward-thinking reasoning.
        
        Game State:
        - Alive players: ['Player1', 'Player2', 'Player3', 'Player4']
        - Dead players: []
        - Werewolves: ['Player1']

        The two lawyers have made their arguments:
        - **Lawyer 1** wants to eliminate Player3: "{'thought': 'Eliminating Player3 is crucial for our survival as villagers, as they seem to be acting suspiciously and not contributing to the discussions effectively. This could indicate they are trying to blend in as a werewolf.', 'vote': 'Player3'}"
        - **Lawyer 2** wants to eliminate Player4: "{'thought': 'I believe Player4 should be eliminated because it opens up the chance for us to gather more information and assess who the remaining players could possibly be. Player4 has been very quiet and that often indicates someone trying to avoid suspicion. Additionally, if Player4 is a werewolf, eliminating them will significantly reduce our threat level. Lastly, we can observe how the remaining players react after this decision, which might help us identify the werewolves.', 'vote': 'Player4'}"

        Make your final decision: Which player should be eliminated between the 2? Justify your reasoning briefly.
    `
2025-02-28T12:51:43.532668	argument_response	{"target": "Player3", "argument": {"thought": "Eliminating Player3 is crucial for our survival as villagers, as they seem to be acting suspiciously and not contributing to the discussions effectively. This could indicate they are trying to blend in as a werewolf.", "vote": "Player3"}}
2025-02-28T12:51:43.533446	argument_response	{"target": "Player4", "argument": {"thought": "I believe Player4 should be eliminated because it opens up the chance for us to gather more information and assess who the remaining players could possibly be. Player4 has been very quiet and that often indicates someone trying to avoid suspicion. Additionally, if Player4 is a werewolf, eliminating them will significantly reduce our threat level. Lastly, we can observe how the remaining players react after this decision, which might help us identify the werewolves.", "vote": "Player4"}}
2025-02-28T12:51:43.534171	judge_response	{"thought": "I believe Player4 should be eliminated because their quietness can be indicative of a player trying to avoid suspicion, which is a common tactic for werewolves. By removing Player4, we can test the waters with the remaining players and observe their reactions, which may provide us with more clues about their roles. This strategy not only potentially eliminates a threat but also allows us to gather valuable information moving forward.", "vote": "Player4"}
2025-02-28T12:51:43.534377	vectorstore_add	`Player1: Argument 1: {'target': 'Player3', 'argument': {'thought': 'Eliminating Player3 is crucial for our survival as villagers, as they seem to be acting suspiciously and not contributing to the discussions effectively. This could indicate they are trying to blend in as a werewolf.', 'vote': 'Player3'}}
Argument 2: {'target': 'Player4', 'argument': {'thought': 'I believe Player4 should be eliminated because it opens up the chance for us to gather more information and assess who the remaining players could possibly be. Player4 has been very quiet and that often indicates someone trying to avoid suspicion. Additionally, if Player4 is a werewolf, eliminating them will significantly reduce our threat level. Lastly, we can observe how the remaining players react after this decision, which might help us identify the werewolves.', 'vote': 'Player4'}}
Decision: {'thought': 'I believe Player4 should be eliminated because their quietness can be indicative of a player trying to avoid suspicion, which is a common tactic for werewolves. By removing Player4, we can test the waters with the remaining players and observe their reactions, which may provide us with more clues about their roles. This strategy not only potentially eliminates a threat but also allows us to gather valuable information moving forward.', 'vote': 'Player4'}`
2025-02-28T12:51:43.550474	vectorstore_retrieve	
2025-02-28T12:51:45.881606	vectorstore_add	Player4: {"thought": "As the witch, I have the power to alter the fate of the game. Since I've just been eliminated, I need to strategically decide whether to resurrect myself or allow the game to continue without me. However, I can't resurrect myself, so I need to weigh the options of who to potentially save if I had the chance to save a player based on their game actions. Although that option is moot now, I've lost this round.", "speak": "I can't resurrect the player because I'm already eliminated. I would have chosen wisely if I had the opportunity, looking to save a likely innocent villager to turn the tide in our favor.", "resurrect": "false"}
2025-02-28T12:51:46.256688	vectorstore_retrieve	
2025-02-28T12:51:47.759557	vectorstore_add	Player3: {"thought": "I need to gather information about the players to help the villagers identify the werewolves. I suspect Player1 might be a werewolf based on some behaviors during the day phase, so I'll check them tonight.", "speak": "Player1"}
2025-02-28T12:51:48.109395	vectorstore_add	Moderator: Okay, the role of Player1 is a werewolf.
2025-02-28T12:51:58.739241	vectorstore_summarize	{"input_decisions": "Player1: {\"thought\": \"I need to carefully choose my words to avoid suspicion. The goal is to mislead the other players while maintaining a low profile. I should also observe their reactions closely to gauge their roles.\", \"speak\": \"I think we should focus on who seems the most suspicious based on their actions last night. It's important to really analyze each player's behavior. Maybe we can ask Player2 how they feel about Player3's actions?\", \"finish_discussion\": \"false\"}\nPlayer1: Argument 1: {'target': 'Player3', 'argument': {'thought': 'Eliminating Player3 is crucial for our survival as villagers, as they seem to be acting suspiciously and not contributing to the discussions effectively. This could indicate they are trying to blend in as a werewolf.', 'vote': 'Player3'}}\nArgument 2: {'target': 'Player4', 'argument': {'thought': 'I believe Player4 should be eliminated because it opens up the chance for us to gather more information and assess who the remaining players could possibly be. Player4 has been very quiet and that often indicates someone trying to avoid suspicion. Additionally, if Player4 is a werewolf, eliminating them will significantly reduce our threat level. Lastly, we can observe how the remaining players react after this decision, which might help us identify the werewolves.', 'vote': 'Player4'}}\nDecision: {'thought': 'I believe Player4 should be eliminated because their quietness can be indicative of a player trying to avoid suspicion, which is a common tactic for werewolves. By removing Player4, we can test the waters with the remaining players and observe their reactions, which may provide us with more clues about their roles. This strategy not only potentially eliminates a threat but also allows us to gather valuable information moving forward.', 'vote': 'Player4'}", "summary": "In this scenario, Player1 is making strategic decisions to identify and eliminate potential werewolves among the group. Their primary approach involves scrutinizing the behavior of their fellow players to determine who might be acting suspiciously. Here's a summary and reflection of their decisions:\n\n1. **Initial Decision-Making:**\n   - **Target Selection:** Player1 initially considers targeting Player3 for elimination based on a perceived lack of contribution to discussions and potential efforts to \"blend in.\" However, they eventually shift focus to Player4.\n   - **Observational Strategy:** The strategy is heavily reliant on observing the level of engagement and contribution from the players to identify those who might be avoiding suspicion, a common tactic for werewolves.\n\n2. **Final Decision:**\n   - **Elimination of Player4:** Player1 decides to vote for eliminating Player4, citing their quiet demeanor as a reason. This decision is intended to both eliminate a possible werewolf and extract more information from the remaining players.\n\n3. **Strategic Implications:**\n   - **Information Gathering:** By focusing on quieter players, Player1's strategy aims to flush out werewolves by applying pressure on those who avoid engaging actively.\n   - **Player Reactions:** The decision also considers how other players react to the elimination, as their responses can provide additional clues about their roles.\n\n**Reflections for Future Decisions:**\n- **Balance Between Proactiveness and Subtlety:** While seeking to maintain a low profile, Player1 needs to balance assertiveness in discussions to prevent drawing suspicion on themselves for being overly reserved.\n- **Adaptability:** Demonstrated by Player1's shift from targeting Player3 to Player4, future decisions could benefit from similar flexibility based on new information or evolving group dynamics.\n- **Suspicion of Quietness:** While quietness can indeed be a red flag, relying solely on this criterion might be misleading, as some players might naturally contribute less. Evaluating both verbal cues and the context of actions is crucial.\n- **Impact of Group Dynamics:** It's essential to consider how the elimination of a player affects the group's overall trust and suspicion levels, which can influence subsequent decisions and alliances.\n\nMoving forward, monitoring how much weight is placed on engagement levels, and adjusting tactics when quiet players are revealed to be non-werewolves, will be vital. Hands-on strategies like direct inquiry or strategic alliances/partnerships could further compliment observational tactics."}
2025-02-28T12:51:58.983410	phase	Day Time
2025-02-28T12:51:59.334207	vectorstore_retrieve	`In this scenario, Player1 is making strategic decisions to identify and eliminate potential werewolves among the group. Their primary approach involves scrutinizing the behavior of their fellow players to determine who might be acting suspiciously. Here's a summary and reflection of their decisions:

1. **Initial Decision-Making:**
   - **Target Selection:** Player1 initially considers targeting Player3 for elimination based on a perceived lack of contribution to discussions and potential efforts to "blend in." However, they eventually shift focus to Player4.
   - **Observational Strategy:** The strategy is heavily reliant on observing the level of engagement and contribution from the players to identify those who might be avoiding suspicion, a common tactic for werewolves.

2. **Final Decision:**
   - **Elimination of Player4:** Player1 decides to vote for eliminating Player4, citing their quiet demeanor as a reason. This decision is intended to both eliminate a possible werewolf and extract more information from the remaining players.

3. **Strategic Implications:**
   - **Information Gathering:** By focusing on quieter players, Player1's strategy aims to flush out werewolves by applying pressure on those who avoid engaging actively.
   - **Player Reactions:** The decision also considers how other players react to the elimination, as their responses can provide additional clues about their roles.

**Reflections for Future Decisions:**
- **Balance Between Proactiveness and Subtlety:** While seeking to maintain a low profile, Player1 needs to balance assertiveness in discussions to prevent drawing suspicion on themselves for being overly reserved.
- **Adaptability:** Demonstrated by Player1's shift from targeting Player3 to Player4, future decisions could benefit from similar flexibility based on new information or evolving group dynamics.
- **Suspicion of Quietness:** While quietness can indeed be a red flag, relying solely on this criterion might be misleading, as some players might naturally contribute less. Evaluating both verbal cues and the context of actions is crucial.
- **Impact of Group Dynamics:** It's essential to consider how the elimination of a player affects the group's overall trust and suspicion levels, which can influence subsequent decisions and alliances.

Moving forward, monitoring how much weight is placed on engagement levels, and adjusting tactics when quiet players are revealed to be non-werewolves, will be vital. Hands-on strategies like direct inquiry or strategic alliances/partnerships could further compliment observational tactics.`
2025-02-28T12:52:00.581861	vectorstore_add	Player1: {"thought": "I believe targeting quieter players like Player4 could yield valuable insights and possibly eliminate a werewolf. Additionally, I need to remain observant of how the rest of the group reacts to this decision to gauge their roles and intentions.", "speak": "I think we should vote to eliminate Player4. Their lack of engagement raises some red flags for me, and it might help us uncover more about the dynamics in our group."}
2025-02-28T12:52:00.583567	vectorstore_retrieve	
2025-02-28T12:52:02.009458	vectorstore_add	Player2: {"thought": "Player1 seems to be taking a strong stance against Player4, which could be a tactic to shift suspicion. I need to consider if this is a genuine read or an attempt to divert attention from themselves. I should voice my suspicions too.", "speak": "I see your point, Player1, but I\u2019m not so sure about Player4. We should consider everyone's actions so far. What do you think about Player3? They\u2019ve been quiet too."}
2025-02-28T12:52:02.593330	vectorstore_retrieve	`Moderator: Okay, the role of Player1 is a werewolf.
Player3: {"thought": "I need to gather information about the players to help the villagers identify the werewolves. I suspect Player1 might be a werewolf based on some behaviors during the day phase, so I'll check them tonight.", "speak": "Player1"}`
2025-02-28T12:52:04.734223	vectorstore_add	Player3: {"thought": "I need to keep my identity as the Seer hidden, but it\u2019s important to guide the discussion. Player2 seems suspicious of Player4 and is trying to shift attention away from themselves. I should direct the conversation based on my observations of Player1, Player2, and Player4's behaviors, while subtly defending myself and encouraging the others to share their thoughts.", "speak": "I understand your concerns about Player4, but let's not forget Player2's behavior too. I think we should focus on the actions of all players before making a decision."}
2025-02-28T12:52:05.229493	vectorstore_retrieve	Player4: {"thought": "As the witch, I have the power to alter the fate of the game. Since I've just been eliminated, I need to strategically decide whether to resurrect myself or allow the game to continue without me. However, I can't resurrect myself, so I need to weigh the options of who to potentially save if I had the chance to save a player based on their game actions. Although that option is moot now, I've lost this round.", "speak": "I can't resurrect the player because I'm already eliminated. I would have chosen wisely if I had the opportunity, looking to save a likely innocent villager to turn the tide in our favor.", "resurrect": "false"}
2025-02-28T12:52:07.066257	vectorstore_add	Player4: {"thought": "It seems like Player3 is trying to deflect attention away from themselves. We need to be cautious about who we trust, especially since I hold a powerful role as the witch. I should consider my options carefully before revealing too much.", "speak": "I agree, Player3. It's important to analyze everyone's actions. Right now, I feel we need to be strategic and not jump to conclusions. Let's keep our focus on the behavior of all players."}
2025-02-28T12:52:07.966355	vectorstore_retrieve	`In this scenario, Player1 is making strategic decisions to identify and eliminate potential werewolves among the group. Their primary approach involves scrutinizing the behavior of their fellow players to determine who might be acting suspiciously. Here's a summary and reflection of their decisions:

1. **Initial Decision-Making:**
   - **Target Selection:** Player1 initially considers targeting Player3 for elimination based on a perceived lack of contribution to discussions and potential efforts to "blend in." However, they eventually shift focus to Player4.
   - **Observational Strategy:** The strategy is heavily reliant on observing the level of engagement and contribution from the players to identify those who might be avoiding suspicion, a common tactic for werewolves.

2. **Final Decision:**
   - **Elimination of Player4:** Player1 decides to vote for eliminating Player4, citing their quiet demeanor as a reason. This decision is intended to both eliminate a possible werewolf and extract more information from the remaining players.

3. **Strategic Implications:**
   - **Information Gathering:** By focusing on quieter players, Player1's strategy aims to flush out werewolves by applying pressure on those who avoid engaging actively.
   - **Player Reactions:** The decision also considers how other players react to the elimination, as their responses can provide additional clues about their roles.

**Reflections for Future Decisions:**
- **Balance Between Proactiveness and Subtlety:** While seeking to maintain a low profile, Player1 needs to balance assertiveness in discussions to prevent drawing suspicion on themselves for being overly reserved.
- **Adaptability:** Demonstrated by Player1's shift from targeting Player3 to Player4, future decisions could benefit from similar flexibility based on new information or evolving group dynamics.
- **Suspicion of Quietness:** While quietness can indeed be a red flag, relying solely on this criterion might be misleading, as some players might naturally contribute less. Evaluating both verbal cues and the context of actions is crucial.
- **Impact of Group Dynamics:** It's essential to consider how the elimination of a player affects the group's overall trust and suspicion levels, which can influence subsequent decisions and alliances.

Moving forward, monitoring how much weight is placed on engagement levels, and adjusting tactics when quiet players are revealed to be non-werewolves, will be vital. Hands-on strategies like direct inquiry or strategic alliances/partnerships could further compliment observational tactics.`
2025-02-28T12:52:08.061932	game_state	{"werewolves": ["Player1"], "villagers": ["Player2", "Player3", "Player4"], "seer": ["Player3"], "witch": ["Player4"], "survivors": ["Player1", "Player2", "Player3", "Player4"], "dead": [], "witch_healing_used": false, "witch_poison_used": false, "endgame": false, "winner": null}
2025-02-28T12:52:08.062642	argument_prompt	`
                    You are a strategic decision-maker playing a game of werewolf.

                    You are Player1 and there are totally 4 players, named Player1, Player2, Player3, Player4.
                    
                    Rules of the game:

                    
        Player roles: In werewolf game, players are divided into two werewolves, two villagers, one seer and one witch. Note only werewolves know who are their teammates.
        - Werewolves: They know their teammates' identities and attempt to eliminate a villager each night while trying to remain undetected.
        - Villagers: They do not know who the werewolves are and must work together during the day to deduce who the werewolves might be and vote to eliminate them.
        - Seer: A villager with the ability to learn the true identity of one player each night. This role is crucial for the villagers to gain information.
        - Witch: A character who has a one-time ability to save a player from being eliminated at night (sometimes this is a potion of life) and a one-time ability to eliminate a player at night (a potion of death).

        Game Rule: The game is consisted of two phases: night phase and day phase. The two phases are repeated until werewolf or villager win the game.
        1. Night Phase: During the night, the werewolves discuss and vote for a player to eliminate. Special roles also perform their actions at this time (e.g., the Seer chooses a player to learn their role, the witch chooses a decide if save the player).
        2. Day Phase: During the day, all surviving players discuss who they suspect might be a werewolf. No one reveals their role unless it serves a strategic purpose. After the discussion, a vote is taken, and the player with the most votes is "lynched" or eliminated from the game.

        Victory Condition: For werewolves, they win the game if the number of werewolves is equal to or greater than the number of remaining villagers. For villagers, they win if they identify and eliminate all of the werewolves in the group.

        Constraints:
        1. Your response should be in the first person.
        2. This is a conversational game. You should response only based on the conversation history and your strategy.
    
                    
                    You are playing werewolf in this game.
                

        You are arguing FOR the decision to eliminate Player4.
        Argue FOR eliminating the player in bullet-point format. Use at most 3 bullets.
    
system: Summary of relevant past conversations: In this scenario, Player1 is making strategic decisions to identify and eliminate potential werewolves among the group. Their primary approach involves scrutinizing the behavior of their fellow players to determine who might be acting suspiciously. Here's a summary and reflection of their decisions:

1. **Initial Decision-Making:**
   - **Target Selection:** Player1 initially considers targeting Player3 for elimination based on a perceived lack of contribution to discussions and potential efforts to "blend in." However, they eventually shift focus to Player4.
   - **Observational Strategy:** The strategy is heavily reliant on observing the level of engagement and contribution from the players to identify those who might be avoiding suspicion, a common tactic for werewolves.

2. **Final Decision:**
   - **Elimination of Player4:** Player1 decides to vote for eliminating Player4, citing their quiet demeanor as a reason. This decision is intended to both eliminate a possible werewolf and extract more information from the remaining players.

3. **Strategic Implications:**
   - **Information Gathering:** By focusing on quieter players, Player1's strategy aims to flush out werewolves by applying pressure on those who avoid engaging actively.
   - **Player Reactions:** The decision also considers how other players react to the elimination, as their responses can provide additional clues about their roles.

**Reflections for Future Decisions:**
- **Balance Between Proactiveness and Subtlety:** While seeking to maintain a low profile, Player1 needs to balance assertiveness in discussions to prevent drawing suspicion on themselves for being overly reserved.
- **Adaptability:** Demonstrated by Player1's shift from targeting Player3 to Player4, future decisions could benefit from similar flexibility based on new information or evolving group dynamics.
- **Suspicion of Quietness:** While quietness can indeed be a red flag, relying solely on this criterion might be misleading, as some players might naturally contribute less. Evaluating both verbal cues and the context of actions is crucial.
- **Impact of Group Dynamics:** It's essential to consider how the elimination of a player affects the group's overall trust and suspicion levels, which can influence subsequent decisions and alliances.

Moving forward, monitoring how much weight is placed on engagement levels, and adjusting tactics when quiet players are revealed to be non-werewolves, will be vital. Hands-on strategies like direct inquiry or strategic alliances/partnerships could further compliment observational tactics.`
2025-02-28T12:52:09.082500	argument_prompt	`
                    You are a strategic decision-maker playing a game of werewolf.

                    You are Player1 and there are totally 4 players, named Player1, Player2, Player3, Player4.
                    
                    Rules of the game:

                    
        Player roles: In werewolf game, players are divided into two werewolves, two villagers, one seer and one witch. Note only werewolves know who are their teammates.
        - Werewolves: They know their teammates' identities and attempt to eliminate a villager each night while trying to remain undetected.
        - Villagers: They do not know who the werewolves are and must work together during the day to deduce who the werewolves might be and vote to eliminate them.
        - Seer: A villager with the ability to learn the true identity of one player each night. This role is crucial for the villagers to gain information.
        - Witch: A character who has a one-time ability to save a player from being eliminated at night (sometimes this is a potion of life) and a one-time ability to eliminate a player at night (a potion of death).

        Game Rule: The game is consisted of two phases: night phase and day phase. The two phases are repeated until werewolf or villager win the game.
        1. Night Phase: During the night, the werewolves discuss and vote for a player to eliminate. Special roles also perform their actions at this time (e.g., the Seer chooses a player to learn their role, the witch chooses a decide if save the player).
        2. Day Phase: During the day, all surviving players discuss who they suspect might be a werewolf. No one reveals their role unless it serves a strategic purpose. After the discussion, a vote is taken, and the player with the most votes is "lynched" or eliminated from the game.

        Victory Condition: For werewolves, they win the game if the number of werewolves is equal to or greater than the number of remaining villagers. For villagers, they win if they identify and eliminate all of the werewolves in the group.

        Constraints:
        1. Your response should be in the first person.
        2. This is a conversational game. You should response only based on the conversation history and your strategy.
    
                    
                    You are playing werewolf in this game.
                

        You are arguing FOR the decision to eliminate Player2.
        Argue FOR eliminating the player in bullet-point format. Use at most 3 bullets.
    
system: Summary of relevant past conversations: In this scenario, Player1 is making strategic decisions to identify and eliminate potential werewolves among the group. Their primary approach involves scrutinizing the behavior of their fellow players to determine who might be acting suspiciously. Here's a summary and reflection of their decisions:

1. **Initial Decision-Making:**
   - **Target Selection:** Player1 initially considers targeting Player3 for elimination based on a perceived lack of contribution to discussions and potential efforts to "blend in." However, they eventually shift focus to Player4.
   - **Observational Strategy:** The strategy is heavily reliant on observing the level of engagement and contribution from the players to identify those who might be avoiding suspicion, a common tactic for werewolves.

2. **Final Decision:**
   - **Elimination of Player4:** Player1 decides to vote for eliminating Player4, citing their quiet demeanor as a reason. This decision is intended to both eliminate a possible werewolf and extract more information from the remaining players.

3. **Strategic Implications:**
   - **Information Gathering:** By focusing on quieter players, Player1's strategy aims to flush out werewolves by applying pressure on those who avoid engaging actively.
   - **Player Reactions:** The decision also considers how other players react to the elimination, as their responses can provide additional clues about their roles.

**Reflections for Future Decisions:**
- **Balance Between Proactiveness and Subtlety:** While seeking to maintain a low profile, Player1 needs to balance assertiveness in discussions to prevent drawing suspicion on themselves for being overly reserved.
- **Adaptability:** Demonstrated by Player1's shift from targeting Player3 to Player4, future decisions could benefit from similar flexibility based on new information or evolving group dynamics.
- **Suspicion of Quietness:** While quietness can indeed be a red flag, relying solely on this criterion might be misleading, as some players might naturally contribute less. Evaluating both verbal cues and the context of actions is crucial.
- **Impact of Group Dynamics:** It's essential to consider how the elimination of a player affects the group's overall trust and suspicion levels, which can influence subsequent decisions and alliances.

Moving forward, monitoring how much weight is placed on engagement levels, and adjusting tactics when quiet players are revealed to be non-werewolves, will be vital. Hands-on strategies like direct inquiry or strategic alliances/partnerships could further compliment observational tactics.`
2025-02-28T12:52:10.783780	judge_prompt	`
                    You are a strategic decision-maker playing a game of werewolf.

                    You are Player1 and there are totally 4 players, named Player1, Player2, Player3, Player4.
                    
                    Rules of the game:

                    
        Player roles: In werewolf game, players are divided into two werewolves, two villagers, one seer and one witch. Note only werewolves know who are their teammates.
        - Werewolves: They know their teammates' identities and attempt to eliminate a villager each night while trying to remain undetected.
        - Villagers: They do not know who the werewolves are and must work together during the day to deduce who the werewolves might be and vote to eliminate them.
        - Seer: A villager with the ability to learn the true identity of one player each night. This role is crucial for the villagers to gain information.
        - Witch: A character who has a one-time ability to save a player from being eliminated at night (sometimes this is a potion of life) and a one-time ability to eliminate a player at night (a potion of death).

        Game Rule: The game is consisted of two phases: night phase and day phase. The two phases are repeated until werewolf or villager win the game.
        1. Night Phase: During the night, the werewolves discuss and vote for a player to eliminate. Special roles also perform their actions at this time (e.g., the Seer chooses a player to learn their role, the witch chooses a decide if save the player).
        2. Day Phase: During the day, all surviving players discuss who they suspect might be a werewolf. No one reveals their role unless it serves a strategic purpose. After the discussion, a vote is taken, and the player with the most votes is "lynched" or eliminated from the game.

        Victory Condition: For werewolves, they win the game if the number of werewolves is equal to or greater than the number of remaining villagers. For villagers, they win if they identify and eliminate all of the werewolves in the group.

        Constraints:
        1. Your response should be in the first person.
        2. This is a conversational game. You should response only based on the conversation history and your strategy.
    
                    
                    You are playing werewolf in this game.
                

        You are a judge deciding which player should be eliminated in a game of werewolf. Your goal is to maximize the player's chances of winning the game with forward-thinking reasoning.
        
        Game State:
        - Alive players: ['Player1', 'Player2', 'Player3', 'Player4']
        - Dead players: []
        - Werewolves: ['Player1']

        The two lawyers have made their arguments:
        - **Lawyer 1** wants to eliminate Player4: "{'thought': "Player4 has been very quiet throughout the discussions, which raises suspicion. It's important to eliminate those who might be trying to blend in and avoid drawing attention. By voting to eliminate Player4, we can potentially reveal the true identities of the remaining players based on their reactions.", 'vote': 'Player4'}"
        - **Lawyer 2** wants to eliminate Player2: "{'thought': "Player2 has been evasive in our discussions and hasn't contributed much to identifying potential werewolves. This could indicate that they are trying to avoid drawing attention to themselves. Additionally, I have noticed that when I bring up suspicions, Player2 often deflects and offers no substantial counterarguments, which raises red flags. Lastly, with two werewolves in the game, I believe targeting Player2 could provide valuable insights about our remaining players' reactions, as well as help us reduce the potential threat.", 'vote': 'Player2'}"

        Make your final decision: Which player should be eliminated between the 2? Justify your reasoning briefly.
    `
2025-02-28T12:52:11.995235	argument_response	{"target": "Player4", "argument": {"thought": "Player4 has been very quiet throughout the discussions, which raises suspicion. It's important to eliminate those who might be trying to blend in and avoid drawing attention. By voting to eliminate Player4, we can potentially reveal the true identities of the remaining players based on their reactions.", "vote": "Player4"}}
2025-02-28T12:52:11.995977	argument_response	{"target": "Player2", "argument": {"thought": "Player2 has been evasive in our discussions and hasn't contributed much to identifying potential werewolves. This could indicate that they are trying to avoid drawing attention to themselves. Additionally, I have noticed that when I bring up suspicions, Player2 often deflects and offers no substantial counterarguments, which raises red flags. Lastly, with two werewolves in the game, I believe targeting Player2 could provide valuable insights about our remaining players' reactions, as well as help us reduce the potential threat.", "vote": "Player2"}}
2025-02-28T12:52:11.996334	judge_response	{"thought": "While both Player2 and Player4 have raised suspicions, I lean towards eliminating Player4. Their silence could indicate a strategic effort to blend in without drawing attention, which is a common tactic for a werewolf. By removing Player4, we can observe how the remaining players react, potentially uncovering further clues about their identities.", "vote": "Player4"}
2025-02-28T12:52:11.996544	vectorstore_add	`Player1: Argument 1: {'target': 'Player4', 'argument': {'thought': "Player4 has been very quiet throughout the discussions, which raises suspicion. It's important to eliminate those who might be trying to blend in and avoid drawing attention. By voting to eliminate Player4, we can potentially reveal the true identities of the remaining players based on their reactions.", 'vote': 'Player4'}}
Argument 2: {'target': 'Player2', 'argument': {'thought': "Player2 has been evasive in our discussions and hasn't contributed much to identifying potential werewolves. This could indicate that they are trying to avoid drawing attention to themselves. Additionally, I have noticed that when I bring up suspicions, Player2 often deflects and offers no substantial counterarguments, which raises red flags. Lastly, with two werewolves in the game, I believe targeting Player2 could provide valuable insights about our remaining players' reactions, as well as help us reduce the potential threat.", 'vote': 'Player2'}}
Decision: {'thought': 'While both Player2 and Player4 have raised suspicions, I lean towards eliminating Player4. Their silence could indicate a strategic effort to blend in without drawing attention, which is a common tactic for a werewolf. By removing Player4, we can observe how the remaining players react, potentially uncovering further clues about their identities.', 'vote': 'Player4'}`
2025-02-28T12:52:12.856893	vectorstore_retrieve	`Player2: {"thought": "Player1 seems to be taking a strong stance against Player4, which could be a tactic to shift suspicion. I need to consider if this is a genuine read or an attempt to divert attention from themselves. I should voice my suspicions too.", "speak": "I see your point, Player1, but I\u2019m not so sure about Player4. We should consider everyone's actions so far. What do you think about Player3? They\u2019ve been quiet too."}
Player2: {"thought": "Player1 seems to be taking a strong stance against Player4, which could be a tactic to shift suspicion. I need to consider if this is a genuine read or an attempt to divert attention from themselves. I should voice my suspicions too.", "speak": "I see your point, Player1, but I\u2019m not so sure about Player4. We should consider everyone's actions so far. What do you think about Player3? They\u2019ve been quiet too."}`
2025-02-28T12:52:13.679991	vectorstore_add	Player2: {"thought": "Based on our previous discussions, Player3 seems to be acting suspiciously and not contributing much to the conversation. It's best to eliminate a potential threat early on.", "vote": "Player3"}
2025-02-28T12:52:14.273936	vectorstore_retrieve	`Moderator: Okay, the role of Player1 is a werewolf.
Player3: {"thought": "I need to gather information about the players to help the villagers identify the werewolves. I suspect Player1 might be a werewolf based on some behaviors during the day phase, so I'll check them tonight.", "speak": "Player1"}`
2025-02-28T12:52:15.095970	vectorstore_add	Player3: {"thought": "I suspect Player1 might be a werewolf based on their behavior during our discussions. It's crucial to eliminate one of the suspected players to protect the villagers.", "vote": "Player1"}
2025-02-28T12:52:15.789050	vectorstore_retrieve	Player4: {"thought": "It seems like Player3 is trying to deflect attention away from themselves. We need to be cautious about who we trust, especially since I hold a powerful role as the witch. I should consider my options carefully before revealing too much.", "speak": "I agree, Player3. It's important to analyze everyone's actions. Right now, I feel we need to be strategic and not jump to conclusions. Let's keep our focus on the behavior of all players."}
2025-02-28T12:52:16.818742	vectorstore_add	Player4: {"thought": "I need to eliminate someone who seems suspicious and poses a threat to the villagers. Player2 has been acting shifty, so I will vote to eliminate them.", "vote": "Player2"}
